iter	Logloss	Accuracy
0	0.6185800713	0.9427045585
1	0.5578133765	0.9427045585
2	0.5073469025	0.9427045585
3	0.4649764055	0.9427045585
4	0.4292649147	0.9427045585
5	0.3988304615	0.9427045585
6	0.3729700498	0.9427045585
7	0.3507421282	0.9427045585
8	0.3317390929	0.9427045585
9	0.3150991218	0.9427045585
